BoroCode,BoroName,created_datetime,dataset,geometry,id,location.adminArea1,location.adminArea1Type,location.adminArea3,location.adminArea3Type,location.adminArea4,location.adminArea4Type,location.adminArea5,location.adminArea5Type,location.displayLatLng.lat,location.displayLatLng.lng,location.dragPoint,location.geocodeQuality,location.geocodeQualityCode,location.latLng.lat,location.latLng.lng,location.linkId,location.mapUrl,location.postalCode,location.sideOfStreet,location.street,location.type,location_type,reason,submission_sets.support.length,submission_sets.support.url,submitter,submitter.avatar_url,submitter.id,submitter.name,submitter.username,submitter_name,updated_datetime,url,user_token,visible
1,Manhattan,2014-11-12T17:07:04.880278+00:00,568,POINT (-73.9891760000000005 40.7586599999999990),278303,US,Country,NY,State,New York County,County,New York City,City,40.758589,-73.98957,False,ADDRESS,L1AAA,40.75866,-73.989176,0,"http://open.mapquestapi.com/staticmap/v4/getmap?key=Fmjtd|luur2g0bnl,25=o5-9at29u&type=map&size=225,160&pois=purple-1,40.758659745513775,-73.98917555809021,0,0|&center=40.758659745513775,-73.98917555809021&zoom=15&rand=-121981689",10036,N,306 West 44th Street,s,suggestion,perfect location and port needs more bikes!,,,,,,,,Joe,2014-11-12T17:07:05.702560+00:00,http://data.shareabouts.org/api/v2/nycdot/datasets/nycbikeshare/places/278303,session:b2c848ff643c1eda80f0ab60333cc571,True
1,Manhattan,2014-11-12T16:52:51.940605+00:00,568,POINT (-73.9682490000000001 40.7916460000000001),278293,US,Country,NY,State,New York County,County,New York City,City,40.791796,-73.967974,False,ADDRESS,L1AAA,40.791646,-73.968249,0,"http://open.mapquestapi.com/staticmap/v4/getmap?key=Fmjtd|luur2g0bnl,25=o5-9at29u&type=map&size=225,160&pois=purple-1,40.791646088330495,-73.96824896335602,0,0|&center=40.791646088330495,-73.96824896335602&zoom=15&rand=505954231",10025,N,715 Columbus Avenue,s,suggestion,,,,,,,,,Sarah Stevenson,2014-11-12T16:52:52.610299+00:00,http://data.shareabouts.org/api/v2/nycdot/datasets/nycbikeshare/places/278293,session:4ff40d050e8a77239cd5d95a699a0152,True
3,Brooklyn,2014-11-12T16:43:42.011039+00:00,568,POINT (-73.9149529999999970 40.6947329999999994),278289,US,Country,NY,State,Kings County,County,New York City,City,40.694686,-73.914912,False,ADDRESS,L1AAA,40.694733,-73.914953,0,"http://open.mapquestapi.com/staticmap/v4/getmap?key=Fmjtd|luur2g0bnl,25=o5-9at29u&type=map&size=225,160&pois=purple-1,40.69473261001677,-73.9149534702301,0,0|&center=40.69473261001677,-73.9149534702301&zoom=15&rand=-593718302",11221,N,407 Wilson Avenue,s,suggestion,"Great location because it sits right between Knickerbocker M, Myrtle/Wycoff L,M and the Gates J,Z stops. In addition there are many schools in a 5 block radius that is probably in the most traditional family style home living in Bushwick (not the warehouse section) and it sits along the B60 bus route. All of these transportation features but we lack a simple bike that would better connect everything to everyone in this part of Bushwick.",1,http://data.shareabouts.org/api/v2/nycdot/datasets/nycbikeshare/places/278289/support,,,,,,Evan J.Smith,2014-11-12T16:43:42.823387+00:00,http://data.shareabouts.org/api/v2/nycdot/datasets/nycbikeshare/places/278289,session:31a0dec7d08b8efd6f1b95cdafd7d734,True
3,Brooklyn,2014-11-12T15:11:15.914828+00:00,568,POINT (-73.9578939999999960 40.7084100000000007),278237,US,Country,NY,State,Kings County,County,New York City,City,40.708638,-73.95798,False,ADDRESS,L1AAA,40.70841,-73.957894,0,"http://open.mapquestapi.com/staticmap/v4/getmap?key=Fmjtd|luur2g0bnl,25=o5-9at29u&type=map&size=225,160&pois=purple-1,40.70841023425242,-73.95789377076653,0,0|&center=40.70841023425242,-73.95789377076653&zoom=15&rand=-273650424",11211,N,295 Broadway,s,suggestion,Close to the J-Train station,,,,,,,,V,2014-11-12T15:11:16.799777+00:00,http://data.shareabouts.org/api/v2/nycdot/datasets/nycbikeshare/places/278237,session:45224de2d053554ad1e48f941702070e,True
1,Manhattan,2014-11-12T14:41:55.978023+00:00,568,POINT (-73.9394149999999968 40.8393129999999971),278222,US,Country,NY,State,New York County,County,New York City,City,40.839744,-73.939361,False,ADDRESS,L1AAA,40.839313,-73.939415,0,"http://open.mapquestapi.com/staticmap/v4/getmap?key=Fmjtd|luur2g0bnl,25=o5-9at29u&type=map&size=225,160&pois=purple-1,40.83931326239585,-73.93941521644591,0,0|&center=40.83931326239585,-73.93941521644591&zoom=15&rand=-484669012",10032,N,West 167th Street,s,suggestion,A lot of people commute within upper Manhattan and this would be a faster and green way to do so. ,,,,http://pbs.twimg.com/profile_images/518225352447913984/CyraMfC4_bigger.jpeg,1809,Joeden,Joeden1,,2014-11-12T14:41:59.465133+00:00,http://data.shareabouts.org/api/v2/nycdot/datasets/nycbikeshare/places/278222,user:1809,True
3,Brooklyn,2014-11-12T03:28:00.812641+00:00,568,POINT (-73.9917180000000059 40.6767329999999987),278213,US,Country,NY,State,Kings County,County,New York City,City,40.677018,-73.991562,False,ADDRESS,L1AAA,40.676733,-73.991718,0,"http://open.mapquestapi.com/staticmap/v4/getmap?key=Fmjtd|luur2g0bnl,25=o5-9at29u&type=map&size=225,160&pois=purple-1,40.676732504671655,-73.99171829223633,0,0|&center=40.676732504671655,-73.99171829223633&zoom=15&rand=-1645077905",11231,N,123 3rd Street,s,suggestion,It is 2 blocks from the Carroll st subway station and 2 blocks from whole foods market.,,,,,,,,Melking520,2014-11-12T03:28:01.547637+00:00,http://data.shareabouts.org/api/v2/nycdot/datasets/nycbikeshare/places/278213,session:34f4bf5e445b961a39cac83d67fe0dd8,True
1,Manhattan,2014-11-11T23:19:56.192421+00:00,568,POINT (-74.0031550000000067 40.7513330000000025),278189,US,Country,NY,State,New York County,County,New York City,City,40.75131,-74.003283,False,ADDRESS,L1AAA,40.751333,-74.003155,0,"http://open.mapquestapi.com/staticmap/v4/getmap?key=Fmjtd|luur2g0bnl,25=o5-9at29u&type=map&size=225,160&pois=purple-1,40.75133309296269,-74.00315523147583,0,0|&center=40.75133309296269,-74.00315523147583&zoom=15&rand=877591380",10001,N,526 West 28th Street,s,suggestion,,1,http://data.shareabouts.org/api/v2/nycdot/datasets/nycbikeshare/places/278189/support,,,,,,Brendan,2014-11-11T23:19:56.722245+00:00,http://data.shareabouts.org/api/v2/nycdot/datasets/nycbikeshare/places/278189,session:d1bee4a8dc65d6d679697446effec354,True
3,Brooklyn,2014-11-11T20:43:58.100014+00:00,568,POINT (-73.9860319999999945 40.6771559999999965),278159,US,Country,NY,State,Kings County,County,New York City,City,40.67716,-73.985979,False,ADDRESS,L1AAA,40.677156,-73.986032,0,"http://open.mapquestapi.com/staticmap/v4/getmap?key=Fmjtd|luur2g0bnl,25=o5-9at29u&type=map&size=225,160&pois=purple-1,40.67715561378167,-73.98603200912476,0,0|&center=40.67715561378167,-73.98603200912476&zoom=15&rand=1649065254",11215,N,287 3rd Avenue,s,suggestion,"there are bike shops, restaurants, robot shop, and gym in this location",,,,,,,,EVONNE CHO,2014-11-11T20:43:59.128212+00:00,http://data.shareabouts.org/api/v2/nycdot/datasets/nycbikeshare/places/278159,session:a631de6fe85b621820a27cb5834754a5,True
1,Manhattan,2014-11-11T19:46:44.426096+00:00,568,POINT (-73.9726339999999993 40.7932300000000012),278135,US,Country,NY,State,New York County,County,New York City,City,40.793131,-73.97256,False,ADDRESS,L1AAA,40.79323,-73.972634,0,"http://open.mapquestapi.com/staticmap/v4/getmap?key=Fmjtd|luur2g0bnl,25=o5-9at29u&type=map&size=225,160&pois=purple-1,40.79322999553023,-73.97263437509537,0,0|&center=40.79322999553023,-73.97263437509537&zoom=15&rand=491055908",10025,N,2518 Broadway,s,suggestion,Right next to the train. It's a popular area with lots of families who would love the bike share program.,,,,,,,,Alliana ,2014-11-11T19:46:45.366198+00:00,http://data.shareabouts.org/api/v2/nycdot/datasets/nycbikeshare/places/278135,session:3178f32ccb5903f7479cb354653aeed5,True
1,Manhattan,2014-11-11T17:32:56.401977+00:00,568,POINT (-73.9723419999999976 40.7862480000000005),278120,US,Country,NY,State,New York County,County,New York City,City,40.78619,-73.972167,False,ADDRESS,L1AAA,40.786248,-73.972342,0,"http://open.mapquestapi.com/staticmap/v4/getmap?key=Fmjtd|luur2g0bnl,25=o5-9at29u&type=map&size=225,160&pois=purple-1,40.78624833618555,-73.97234201431274,0,0|&center=40.78624833618555,-73.97234201431274&zoom=15&rand=-414461131",10024,N,529 Columbus Avenue,s,suggestion,,,,,,,,,Greg LeMond,2014-11-11T17:32:57.039527+00:00,http://data.shareabouts.org/api/v2/nycdot/datasets/nycbikeshare/places/278120,session:a4482e09f75a3d56b2865dbbf4716f32,True
1,Manhattan,2014-11-11T16:54:55.820319+00:00,568,POINT (-74.0053060000000045 40.7271690000000035),278112,US,Country,NY,State,New York County,County,New York City,City,40.727246,-74.004958,False,ADDRESS,L1AAA,40.727169,-74.005306,0,"http://open.mapquestapi.com/staticmap/v4/getmap?key=Fmjtd|luur2g0bnl,25=o5-9at29u&type=map&size=225,160&pois=purple-1,40.727169331113544,-74.00530636310577,0,0|&center=40.727169331113544,-74.00530636310577&zoom=15&rand=-808844602",10014,N,43 Charlton Street,s,suggestion,The stations nearby are often full in the mornings,,,,,,,,Peter Schlendorf,2014-11-11T16:54:56.627300+00:00,http://data.shareabouts.org/api/v2/nycdot/datasets/nycbikeshare/places/278112,session:df01957efe3e12923edced85108a8c78,True
1,Manhattan,2014-11-11T16:53:18.805613+00:00,568,POINT (-74.0053809999999999 40.7272099999999995),278111,US,Country,NY,State,New York County,County,New York City,City,40.727387,-74.005962,False,ADDRESS,L1AAA,40.72721,-74.005381,0,"http://open.mapquestapi.com/staticmap/v4/getmap?key=Fmjtd|luur2g0bnl,25=o5-9at29u&type=map&size=225,160&pois=purple-1,40.727209984003665,-74.00538146495819,0,0|&center=40.727209984003665,-74.00538146495819&zoom=15&rand=-1671698467",10014,N,175 Varick Street,s,suggestion,"This is in a citibike station deadzone... and the few around are empty in the mornings and full in the evenings. In practice, I have to walk 5-10 minutes to find a bike, which when combined with a similar situations near my destination/work, often negates the benefit citibiking so i find alternate methods of travel",,,,,,,,Peter Schlendorf,2014-11-11T16:53:19.512955+00:00,http://data.shareabouts.org/api/v2/nycdot/datasets/nycbikeshare/places/278111,session:df01957efe3e12923edced85108a8c78,True
1,Manhattan,2014-11-11T16:44:52.717453+00:00,568,POINT (-73.9851680000000016 40.7236159999999998),278106,US,Country,NY,State,New York County,County,New York City,City,40.723612,-73.98494,False,ADDRESS,L1AAA,40.723616,-73.985168,0,"http://open.mapquestapi.com/staticmap/v4/getmap?key=Fmjtd|luur2g0bnl,25=o5-9at29u&type=map&size=225,160&pois=purple-1,40.723616172583625,-73.98516833782196,0,0|&center=40.723616172583625,-73.98516833782196&zoom=15&rand=1590540961",10009,N,151 East 3rd Street,s,suggestion,"This is in a citibike station deadzone... and the few around are empty in the mornings and full in the evenings.  In practice, I have to walk 5-10 minutes to find a bike, which when combined with a similar situations near my destination/work, often negates the benefit citibiking so i find alternate methods of travel",,,,,,,,Peter Schedler,2014-11-11T16:44:53.930854+00:00,http://data.shareabouts.org/api/v2/nycdot/datasets/nycbikeshare/places/278106,session:df01957efe3e12923edced85108a8c78,True
4,Queens,2014-11-11T16:40:14.853654+00:00,568,POINT (-73.9206499999999949 40.7530969999999968),278104,US,Country,NY,State,Queens County,County,New York City,City,40.752528,-73.920161,False,ADDRESS,L1AAA,40.753097,-73.92065,0,"http://open.mapquestapi.com/staticmap/v4/getmap?key=Fmjtd|luur2g0bnl,25=o5-9at29u&type=map&size=225,160&pois=purple-1,40.75309676475512,-73.92065048217773,0,0|&center=40.75309676475512,-73.92065048217773&zoom=15&rand=543426310",11101,N,42-52 Northern Boulevard,s,suggestion,"It's right next to Food Bazaar, which is a 24-hr, HUGE grocery and next to a huge Public Storage building for a quick access. Grocery would be cheaper for those living right near the 59th street bridge!",,,,,,,,Autumn Violet,2014-11-11T16:40:16.107309+00:00,http://data.shareabouts.org/api/v2/nycdot/datasets/nycbikeshare/places/278104,session:e49155e034f38748e5cd421000733d02,True
4,Queens,2014-11-11T16:37:07.308515+00:00,568,POINT (-73.9194490000000002 40.7540679999999966),278103,US,Country,NY,State,Queens County,County,New York City,City,40.75429,-73.919779,False,ADDRESS,L1AAA,40.754068,-73.919449,0,"http://open.mapquestapi.com/staticmap/v4/getmap?key=Fmjtd|luur2g0bnl,25=o5-9at29u&type=map&size=225,160&pois=purple-1,40.75406798339401,-73.91944885253906,0,0|&center=40.75406798339401,-73.91944885253906&zoom=15&rand=691971678",11101,N,34-56 43rd Street,s,suggestion,"It's right next to Food Bazaar, which is a 24-hr, HUGE grocery and next to a huge Public Storage building for a quick access. Grocery would be cheaper for those living right near the 59th street bridge!",,,,,,,,Autumn Violet,2014-11-11T16:37:08.398982+00:00,http://data.shareabouts.org/api/v2/nycdot/datasets/nycbikeshare/places/278103,session:e49155e034f38748e5cd421000733d02,True
1,Manhattan,2014-11-11T15:31:05.881270+00:00,568,POINT (-74.0112560000000030 40.7083080000000024),278095,US,Country,NY,State,New York County,County,New York City,City,40.707954,-74.011115,False,ADDRESS,L1AAA,40.708308,-74.011256,0,"http://open.mapquestapi.com/staticmap/v4/getmap?key=Fmjtd|luur2g0bnl,25=o5-9at29u&type=map&size=225,160&pois=purple-1,40.70830777755912,-74.0112555027008,0,0|&center=40.70830777755912,-74.0112555027008&zoom=15&rand=657351976",10005,N,Pine Street,s,suggestion,The Financial District needs more stations in general.,,,,,,,,Noah Branman,2014-11-11T15:31:06.764912+00:00,http://data.shareabouts.org/api/v2/nycdot/datasets/nycbikeshare/places/278095,session:f4198405474549e2fd9025991e0da001,True
1,Manhattan,2014-11-10T21:20:19.492247+00:00,568,POINT (-73.9856809999999996 40.7678849999999997),277904,US,Country,NY,State,New York County,County,New York City,City,40.767523,-73.985637,False,ZIP,Z1XAA,40.767885,-73.985681,0,"http://open.mapquestapi.com/staticmap/v4/getmap?key=Fmjtd|luur2g0bnl,25=o5-9at29u&type=map&size=225,160&pois=purple-1,40.76788497771374,-73.9856806397438,0,0|&center=40.76788497771374,-73.9856806397438&zoom=12&rand=-1260052587",10036,N,,s,suggestion,,,,,http://pbs.twimg.com/profile_images/458694064901062656/FSqo27mp_bigger.jpeg,1322,Marcus Woollen,marcuswoollen,,2014-11-10T21:20:20.016406+00:00,http://data.shareabouts.org/api/v2/nycdot/datasets/nycbikeshare/places/277904,user:1322,True
4,Queens,2014-11-10T21:14:37.804249+00:00,568,POINT (-73.8843169999999958 40.7497400000000027),277896,US,Country,NY,State,Queens County,County,New York City,City,40.749877,-73.884211,False,ADDRESS,L1AAA,40.74974,-73.884317,0,"http://open.mapquestapi.com/staticmap/v4/getmap?key=Fmjtd|luur2g0bnl,25=o5-9at29u&type=map&size=225,160&pois=purple-1,40.749740058875524,-73.884317278862,0,0|&center=40.749740058875524,-73.884317278862&zoom=15&rand=2082744904",11372,N,82-01 37th Avenue,s,suggestion,At the intersection of Jackson Heights' two major shopping streets: 37th Ave and 82nd Street. ,,,,http://pbs.twimg.com/profile_images/458694064901062656/FSqo27mp_bigger.jpeg,1322,Marcus Woollen,marcuswoollen,,2014-11-10T21:14:38.657326+00:00,http://data.shareabouts.org/api/v2/nycdot/datasets/nycbikeshare/places/277896,user:1322,True
4,Queens,2014-11-10T21:11:15.261769+00:00,568,POINT (-73.8725259999999935 40.7343770000000021),277891,US,Country,NY,State,Queens County,County,New York City,City,40.734526,-73.872564,False,ADDRESS,L1AAA,40.734377,-73.872526,0,"http://open.mapquestapi.com/staticmap/v4/getmap?key=Fmjtd|luur2g0bnl,25=o5-9at29u&type=map&size=225,160&pois=purple-1,40.734376700396574,-73.87252628803253,0,0|&center=40.734376700396574,-73.87252628803253&zoom=15&rand=1037322490",11373,N,89-53 Queens Boulevard,s,suggestion,Between the malls. ,,,,http://pbs.twimg.com/profile_images/458694064901062656/FSqo27mp_bigger.jpeg,1322,Marcus Woollen,marcuswoollen,,2014-11-10T21:11:16.875433+00:00,http://data.shareabouts.org/api/v2/nycdot/datasets/nycbikeshare/places/277891,user:1322,True
1,Manhattan,2014-11-10T20:25:20.684375+00:00,568,POINT (-73.9370600000000024 40.8514709999999965),277861,US,Country,NY,State,New York County,County,New York City,City,40.851521,-73.937251,False,ADDRESS,L1AAA,40.851471,-73.93706,0,"http://open.mapquestapi.com/staticmap/v4/getmap?key=Fmjtd|luur2g0bnl,25=o5-9at29u&type=map&size=225,160&pois=purple-1,40.851471209081744,-73.93706023693085,0,0|&center=40.851471209081744,-73.93706023693085&zoom=15&rand=1003925433",10033,N,21 Colonel Robert Magaw Place,s,suggestion,It has a lot of residents looking for a way to get around!,,,,,,,,David Esbin,2014-11-10T20:25:21.301159+00:00,http://data.shareabouts.org/api/v2/nycdot/datasets/nycbikeshare/places/277861,session:480a7864e1767c6fa1c6d65aaa48ab0b,True
4,Queens,2014-11-10T18:45:52.984226+00:00,568,POINT (-73.9120669999999933 40.7473140000000029),277836,US,Country,NY,State,Queens County,County,New York City,City,40.746804,-73.911902,False,ADDRESS,L1AAA,40.747314,-73.912067,0,"http://open.mapquestapi.com/staticmap/v4/getmap?key=Fmjtd|luur2g0bnl,25=o5-9at29u&type=map&size=225,160&pois=purple-1,40.747313859660444,-73.91206741333008,0,0|&center=40.747313859660444,-73.91206741333008&zoom=15&rand=1075141803",11377,N,39-65 52nd Street,s,suggestion,"Site is near a park in a vibrant area of Woodside, close to schools and transportation.  While the area is served by the 7 train and buses, it is difficult to get to Astoria and Brooklyn from here.  Biking is the best way to get around.  The 7 train is increasingly packed and less reliable as gentrification continues to add people to our stagnant infrastructure.  ",,,,,,,,Kevin O'Sullivan,2014-11-10T18:45:53.821270+00:00,http://data.shareabouts.org/api/v2/nycdot/datasets/nycbikeshare/places/277836,session:d009df48f7e9f353b73d13d8975370a4,True
2,Bronx,2014-11-10T18:45:36.911099+00:00,568,POINT (-73.9092559999999992 40.8369069999999965),277835,US,Country,NY,State,Bronx County,County,New York City,City,40.83673,-73.909326,False,ADDRESS,L1AAA,40.836907,-73.909256,0,"http://open.mapquestapi.com/staticmap/v4/getmap?key=Fmjtd|luur2g0bnl,25=o5-9at29u&type=map&size=225,160&pois=purple-1,40.83690656860411,-73.90925645828247,0,0|&center=40.83690656860411,-73.90925645828247&zoom=15&rand=-232221280",10456,N,358 East 170th Street,s,suggestion,"Stations following the BX 11 line. Linking major parks, at the same time, alleviating road congestion on a major east-west artery. ",,,,,,,,Isaac LS Doughty,2014-11-10T18:45:37.634749+00:00,http://data.shareabouts.org/api/v2/nycdot/datasets/nycbikeshare/places/277835,session:839a5cde4ef8165620bfccc97ab9b87f,True
2,Bronx,2014-11-10T18:43:59.541280+00:00,568,POINT (-73.9136550000000057 40.8382780000000025),277834,US,Country,NY,State,Bronx County,County,New York City,City,40.838026,-73.913643,False,ADDRESS,L1AAA,40.838278,-73.913655,0,"http://open.mapquestapi.com/staticmap/v4/getmap?key=Fmjtd|luur2g0bnl,25=o5-9at29u&type=map&size=225,160&pois=purple-1,40.838278354188645,-73.9136552810669,0,0|&center=40.838278354188645,-73.9136552810669&zoom=15&rand=2053755826",10456,N,1384 Grand Concourse,s,suggestion,"Stations following the BX 11 Line, to get ahead in rush hour. ",,,,,,,,Isaac LS Doughty,2014-11-10T18:44:01.986081+00:00,http://data.shareabouts.org/api/v2/nycdot/datasets/nycbikeshare/places/277834,session:839a5cde4ef8165620bfccc97ab9b87f,True
2,Bronx,2014-11-10T18:42:52.999260+00:00,568,POINT (-73.9082910000000055 40.8245590000000007),277833,US,Country,NY,State,Bronx County,County,New York City,City,40.824741,-73.907835,False,ADDRESS,L1AAA,40.824559,-73.908291,0,"http://open.mapquestapi.com/staticmap/v4/getmap?key=Fmjtd|luur2g0bnl,25=o5-9at29u&type=map&size=225,160&pois=purple-1,40.824559220938674,-73.90829086303711,0,0|&center=40.824559220938674,-73.90829086303711&zoom=15&rand=28255370",10456,N,970 Boston Road,s,suggestion,"Line 3rd Ave and Boston Rd with stations every quarter or third of a mile. (also line prospect Ave, and grand concourse of course.) ",,,,,,,,Isaac LS Doughty,2014-11-10T18:42:53.703045+00:00,http://data.shareabouts.org/api/v2/nycdot/datasets/nycbikeshare/places/277833,session:839a5cde4ef8165620bfccc97ab9b87f,True
2,Bronx,2014-11-10T18:39:04.988075+00:00,568,POINT (-73.8976689999999934 40.8365050000000025),277812,US,Country,NY,State,Bronx County,County,New York City,City,40.836897,-73.899289,False,ADDRESS,L1AAA,40.836505,-73.897669,0,"http://open.mapquestapi.com/staticmap/v4/getmap?key=Fmjtd|luur2g0bnl,25=o5-9at29u&type=map&size=225,160&pois=purple-1,40.83650476804311,-73.89766931533813,0,0|&center=40.83650476804311,-73.89766931533813&zoom=15&rand=-107361777",10457,N,Claremont Parkway,s,suggestion,Crotona Park Needs One!,,,,,,,,Isaac Ls Doughty,2014-11-10T18:39:06.121549+00:00,http://data.shareabouts.org/api/v2/nycdot/datasets/nycbikeshare/places/277812,session:839a5cde4ef8165620bfccc97ab9b87f,True
3,Brooklyn,2014-11-10T18:36:07.499471+00:00,568,POINT (-73.9715589999999992 40.6514590000000027),277811,US,Country,NY,State,Kings County,County,New York City,City,40.651985,-73.971099,False,ADDRESS,L1AAA,40.651459,-73.971559,0,"http://open.mapquestapi.com/staticmap/v4/getmap?key=Fmjtd|luur2g0bnl,25=o5-9at29u&type=map&size=225,160&pois=purple-1,40.65145907170671,-73.9715588092804,0,0|&center=40.65145907170671,-73.9715588092804&zoom=15&rand=-2077998321",11218,N,Prospect Park Circle Entrance,s,suggestion,"1 at each park entrance, promote recreation and health. 
",,,,,,,,Isaac LS Doughty,2014-11-10T18:36:08.267800+00:00,http://data.shareabouts.org/api/v2/nycdot/datasets/nycbikeshare/places/277811,session:839a5cde4ef8165620bfccc97ab9b87f,True
3,Brooklyn,2014-11-10T18:35:42.177822+00:00,568,POINT (-73.9620100000000065 40.6548549999999977),277810,US,Country,NY,State,Kings County,County,New York City,City,40.654639,-73.962062,False,ADDRESS,L1AAA,40.654855,-73.96201,0,"http://open.mapquestapi.com/staticmap/v4/getmap?key=Fmjtd|luur2g0bnl,25=o5-9at29u&type=map&size=225,160&pois=purple-1,40.65485532654521,-73.96201014518738,0,0|&center=40.65485532654521,-73.96201014518738&zoom=15&rand=1180809539",11226,N,350 Ocean Avenue,s,suggestion,"1 at each park entrance, promote recreation and health. ",,,,,,,,Isaac LS Doughty,2014-11-10T18:35:43.390832+00:00,http://data.shareabouts.org/api/v2/nycdot/datasets/nycbikeshare/places/277810,session:839a5cde4ef8165620bfccc97ab9b87f,True
3,Brooklyn,2014-11-10T18:35:20.212276+00:00,568,POINT (-73.9628150000000062 40.6605020000000010),277809,US,Country,NY,State,Kings County,County,New York City,City,40.660833,-73.962677,False,ADDRESS,L1AAA,40.660502,-73.962815,0,"http://open.mapquestapi.com/staticmap/v4/getmap?key=Fmjtd|luur2g0bnl,25=o5-9at29u&type=map&size=225,160&pois=purple-1,40.66050180257714,-73.96281480789185,0,0|&center=40.66050180257714,-73.96281480789185&zoom=15&rand=-646393636",11225,N,99 Ocean Avenue,s,suggestion,"1 at each park entrance, promote recreation and health. ",,,,,,,,Isaac LS Doughty,2014-11-10T18:35:20.823487+00:00,http://data.shareabouts.org/api/v2/nycdot/datasets/nycbikeshare/places/277809,session:839a5cde4ef8165620bfccc97ab9b87f,True
3,Brooklyn,2014-11-10T18:35:03.424352+00:00,568,POINT (-73.9627080000000063 40.6630290000000016),277808,US,Country,NY,State,Kings County,County,New York City,City,40.662282,-73.962724,False,ADDRESS,L1AAA,40.663029,-73.962708,0,"http://open.mapquestapi.com/staticmap/v4/getmap?key=Fmjtd|luur2g0bnl,25=o5-9at29u&type=map&size=225,160&pois=purple-1,40.66302882730189,-73.96270751953125,0,0|&center=40.66302882730189,-73.96270751953125&zoom=15&rand=124765753",11225,N,15 Ocean Avenue,s,suggestion,"1 at each park entrance, promote recreation and health. ",,,,,,,,Isaac LS Doughty,2014-11-10T18:35:04.054847+00:00,http://data.shareabouts.org/api/v2/nycdot/datasets/nycbikeshare/places/277808,session:839a5cde4ef8165620bfccc97ab9b87f,True
3,Brooklyn,2014-11-10T18:34:24.136756+00:00,568,POINT (-73.9791869999999960 40.6604900000000029),277807,US,Country,NY,State,Kings County,County,New York City,City,40.660435,-73.979249,False,ADDRESS,L1AAA,40.66049,-73.979187,0,"http://open.mapquestapi.com/staticmap/v4/getmap?key=Fmjtd|luur2g0bnl,25=o5-9at29u&type=map&size=225,160&pois=purple-1,40.660489594495836,-73.97918701171875,0,0|&center=40.660489594495836,-73.97918701171875&zoom=15&rand=-1736892968",11215,N,7 Prospect Park Southwest,s,suggestion,"1 at each park entrance. Bike to park, promote recreation and health. ",,,,,,,,isaac ls Doughty,2014-11-10T18:34:25.388552+00:00,http://data.shareabouts.org/api/v2/nycdot/datasets/nycbikeshare/places/277807,session:839a5cde4ef8165620bfccc97ab9b87f,True
3,Brooklyn,2014-11-10T18:33:12.764701+00:00,568,POINT (-73.9624500000000040 40.6346849999999975),277806,US,Country,NY,State,Kings County,County,New York City,City,40.63473,-73.962547,False,ADDRESS,L1AAA,40.634685,-73.96245,0,"http://open.mapquestapi.com/staticmap/v4/getmap?key=Fmjtd|luur2g0bnl,25=o5-9at29u&type=map&size=225,160&pois=purple-1,40.63468485797011,-73.96245002746582,0,0|&center=40.63468485797011,-73.96245002746582&zoom=15&rand=1038777542",11226,N,East 16th Street,s,suggestion,"Near Transit + Cultural Hub, 'Newkirk Plaza' 
",,,,,,,,Isaac LS Doughty,2014-11-10T18:33:13.892573+00:00,http://data.shareabouts.org/api/v2/nycdot/datasets/nycbikeshare/places/277806,session:839a5cde4ef8165620bfccc97ab9b87f,True
3,Brooklyn,2014-11-10T18:30:07.479672+00:00,568,POINT (-73.9841760000000050 40.6761910000000029),277805,US,Country,NY,State,Kings County,County,New York City,City,40.67611,-73.984379,False,ADDRESS,L1AAA,40.676191,-73.984176,0,"http://open.mapquestapi.com/staticmap/v4/getmap?key=Fmjtd|luur2g0bnl,25=o5-9at29u&type=map&size=225,160&pois=purple-1,40.67619140930079,-73.98417592048645,0,0|&center=40.67619140930079,-73.98417592048645&zoom=15&rand=-877747030",11215,N,270 4th Avenue,s,suggestion,4th ave as corridor to Sunset Park and Bay Ridge. (5th ave better bike corridor but no subway connection there).,,,,,,,,Isaac LS Doughty,2014-11-10T18:30:08.259513+00:00,http://data.shareabouts.org/api/v2/nycdot/datasets/nycbikeshare/places/277805,session:839a5cde4ef8165620bfccc97ab9b87f,True
3,Brooklyn,2014-11-10T18:28:00.943719+00:00,568,POINT (-73.9694719999999961 40.6725029999999990),277804,US,Country,NY,State,Kings County,County,New York City,City,40.672421,-73.969285,False,ADDRESS,L1AAA,40.672503,-73.969472,0,"http://open.mapquestapi.com/staticmap/v4/getmap?key=Fmjtd|luur2g0bnl,25=o5-9at29u&type=map&size=225,160&pois=purple-1,40.67250330019433,-73.96947205066681,0,0|&center=40.67250330019433,-73.96947205066681&zoom=15&rand=-1246491362",11238,N,Service Entry,s,suggestion,Brooklyn Public Library ,,,,,,,,Isaac LS Doughty,2014-11-10T18:28:01.686914+00:00,http://data.shareabouts.org/api/v2/nycdot/datasets/nycbikeshare/places/277804,session:839a5cde4ef8165620bfccc97ab9b87f,True
1,Manhattan,2014-11-10T17:56:00.069549+00:00,568,POINT (-73.9341210000000046 40.8590749999999971),277794,US,Country,NY,State,New York County,County,New York City,City,40.859055,-73.933995,False,ADDRESS,L1AAA,40.859075,-73.934121,0,"http://open.mapquestapi.com/staticmap/v4/getmap?key=Fmjtd|luur2g0bnl,25=o5-9at29u&type=map&size=225,160&pois=purple-1,40.859074878914896,-73.93412053585052,0,0|&center=40.859074878914896,-73.93412053585052&zoom=15&rand=674785946",10040,N,Margaret Corbin Plaza,s,suggestion,"Entrance to the Fort Tryon Park, near Cloisters, near Riverside Park bike path provides tourists and locals with easy transport for day trips and errands.",,,,,,,,Amala Lane,2014-11-10T17:56:00.869824+00:00,http://data.shareabouts.org/api/v2/nycdot/datasets/nycbikeshare/places/277794,session:62fdadb166dfa6f757cf36aa1923a039,True
4,Queens,2014-11-10T17:42:55.993743+00:00,568,POINT (-73.8624789999999933 40.7225309999999965),277780,US,Country,NY,State,Queens County,County,New York City,City,40.722526,-73.862457,False,ADDRESS,L1AAA,40.722531,-73.862479,0,"http://open.mapquestapi.com/staticmap/v4/getmap?key=Fmjtd|luur2g0bnl,25=o5-9at29u&type=map&size=225,160&pois=purple-1,40.722530673283316,-73.86247873306274,0,0|&center=40.722530673283316,-73.86247873306274&zoom=15&rand=-769246195",11374,N,64-03 Cromwell Crescent,s,suggestion,,,,,,,,,Art,2014-11-10T17:43:02.934710+00:00,http://data.shareabouts.org/api/v2/nycdot/datasets/nycbikeshare/places/277780,session:ad81c927036dcce220a34cb69ea75db4,True
4,Queens,2014-11-10T16:09:49.439398+00:00,568,POINT (-73.9182789999999983 40.7429940000000030),277769,US,Country,NY,State,Queens County,County,New York City,City,40.742826,-73.918285,False,ADDRESS,L1AAA,40.742994,-73.918279,0,"http://open.mapquestapi.com/staticmap/v4/getmap?key=Fmjtd|luur2g0bnl,25=o5-9at29u&type=map&size=225,160&pois=purple-1,40.74299362417369,-73.91827940940857,0,0|&center=40.74299362417369,-73.91827940940857&zoom=15&rand=-818061615",11377,N,46-12 Queens Boulevard,s,suggestion,Its near the subway,1,http://data.shareabouts.org/api/v2/nycdot/datasets/nycbikeshare/places/277769/support,,,,,,mohammed,2014-11-10T16:09:50.266352+00:00,http://data.shareabouts.org/api/v2/nycdot/datasets/nycbikeshare/places/277769,session:925af0f4d1fcb21c58056dd06a178e4e,True
1,Manhattan,2014-11-10T13:17:39.865897+00:00,568,POINT (-73.9898409999999984 40.7581399999999974),277729,US,Country,NY,State,New York County,County,New York City,City,40.757945,-73.98994,False,ADDRESS,L1AAA,40.75814,-73.989841,0,"http://open.mapquestapi.com/staticmap/v4/getmap?key=Fmjtd|luur2g0bnl,25=o5-9at29u&type=map&size=225,160&pois=purple-1,40.758139632635206,-73.9898407459259,0,0|&center=40.758139632635206,-73.9898407459259&zoom=15&rand=-499740325",10036,N,306 West 43rd Street,s,suggestion,near the crosstown bike lanes ,1,http://data.shareabouts.org/api/v2/nycdot/datasets/nycbikeshare/places/277729/support,,,,,,Brandon,2014-11-10T13:17:40.882968+00:00,http://data.shareabouts.org/api/v2/nycdot/datasets/nycbikeshare/places/277729,session:978020fca9775b01e3bd3b22e0460b4c,True
,,2014-11-10T03:49:13.337286+00:00,568,POINT (-74.0565200000000061 40.7351120000000009),277642,US,Country,NJ,State,Hudson County,County,Jersey City,City,40.735413,-74.056896,False,ADDRESS,L1AAA,40.735112,-74.05652,0,"http://open.mapquestapi.com/staticmap/v4/getmap?key=Fmjtd|luur2g0bnl,25=o5-9at29u&type=map&size=225,160&pois=purple-1,40.73511243416764,-74.05652046203613,0,0|&center=40.73511243416764,-74.05652046203613&zoom=15&rand=885449076",07306,N,139,s,suggestion,"Major intersection, close to PATH, Little India, many restaurants.",,,,,,,,Davesat,2014-11-10T03:49:13.385858+00:00,http://data.shareabouts.org/api/v2/nycdot/datasets/nycbikeshare/places/277642,session:0597157038a5c9eedf318ef246c653b1,True
,,2014-11-10T03:26:39.520181+00:00,568,POINT (-74.0368584321000043 40.7136889111000002),277641,US,Country,NJ,State,Hudson County,County,Jersey City,City,40.713851,-74.037984,False,ADDRESS,L1AAA,40.713689,-74.036858,0,"http://open.mapquestapi.com/staticmap/v4/getmap?key=Fmjtd|luur2g0bnl,25=o5-9at29u&type=map&size=225,160&pois=purple-1,40.71368891105583,-74.03685843210042,0,0|&center=40.71368891105583,-74.03685843210042&zoom=15&rand=1096575531",07302,N,Morris Street,s,suggestion,Street space open here. Near many residential buildings ,,,,,,,,charles,2014-11-10T03:26:39.563398+00:00,http://data.shareabouts.org/api/v2/nycdot/datasets/nycbikeshare/places/277641,session:73f45fcc48d7705db1643c35b02b070a,True
1,Manhattan,2014-11-10T03:25:02.982287+00:00,568,POINT (-74.0114331774999954 40.7125595505000035),277639,US,Country,NY,State,New York County,County,New York City,City,40.71221,-74.011217,False,ZIP,Z1XAA,40.712562,-74.011433,0,"http://open.mapquestapi.com/staticmap/v4/getmap?key=Fmjtd|luur2g0bnl,25=o5-9at29u&type=map&size=225,160&pois=purple-1,40.712561583546076,-74.0114331775203,0,0|&center=40.712561583546076,-74.0114331775203&zoom=12&rand=-1258407901",10048,N,,s,suggestion,Right outside path. Would relieve the usage of the citi bike used 2 blocks up. Pwrfect and clear location,,,,,,,,chadd,2014-11-10T03:25:03.610103+00:00,http://data.shareabouts.org/api/v2/nycdot/datasets/nycbikeshare/places/277639,session:73f45fcc48d7705db1643c35b02b070a,True
1,Manhattan,2014-11-10T03:22:32.941158+00:00,568,POINT (-74.0140884892999935 40.7062467386000009),277636,US,Country,NY,State,New York County,County,New York City,City,40.705719,-74.013995,False,ADDRESS,L1AAA,40.706247,-74.014088,0,"http://open.mapquestapi.com/staticmap/v4/getmap?key=Fmjtd|luur2g0bnl,25=o5-9at29u&type=map&size=225,160&pois=purple-1,40.7062467385776,-74.0140884893026,0,0|&center=40.7062467385776,-74.0140884893026&zoom=15&rand=365954338",10006,N,Morris Street,s,suggestion,Near the 1 train. Plus bowling Green citi bike is always either full or empty so this would help. ,2,http://data.shareabouts.org/api/v2/nycdot/datasets/nycbikeshare/places/277636/support,,,,,,chadd,2014-11-10T03:22:33.880755+00:00,http://data.shareabouts.org/api/v2/nycdot/datasets/nycbikeshare/places/277636,session:73f45fcc48d7705db1643c35b02b070a,True
,,2014-11-10T03:20:44.705973+00:00,568,POINT (-74.0348482131999930 40.7133621734000002),277634,US,Country,NJ,State,Hudson County,County,Jersey City,City,40.713208,-74.035177,False,ADDRESS,L1AAA,40.713466,-74.034757,0,"http://open.mapquestapi.com/staticmap/v4/getmap?key=Fmjtd|luur2g0bnl,25=o5-9at29u&type=map&size=225,160&pois=purple-1,40.71346585975563,-74.0347570180893,0,0|&center=40.71346585975563,-74.0347570180893&zoom=15&rand=-1270919080",07302,N,Morris Street,s,suggestion,It's in paulus hook near the ferry terminal and nj light rail which thousands use everyday. ,1,http://data.shareabouts.org/api/v2/nycdot/datasets/nycbikeshare/places/277634/support,,,,,,chadd,2014-11-10T03:20:44.786586+00:00,http://data.shareabouts.org/api/v2/nycdot/datasets/nycbikeshare/places/277634,session:73f45fcc48d7705db1643c35b02b070a,True
1,Manhattan,2014-11-09T23:56:48.045654+00:00,568,POINT (-73.9742090000000019 40.7371529999999993),277620,US,Country,NY,State,New York County,County,New York City,City,40.736844,-73.973978,False,ADDRESS,L1AAA,40.737153,-73.974209,0,"http://open.mapquestapi.com/staticmap/v4/getmap?key=Fmjtd|luur2g0bnl,25=o5-9at29u&type=map&size=225,160&pois=purple-1,40.73715293497954,-73.97420883178711,0,0|&center=40.73715293497954,-73.97420883178711&zoom=15&rand=1551671438",10010,N,10 FDR Drive,s,suggestion,All residents of Waterside Plaza would have a quicker access to bikes,,,,,,,,Daniel,2014-11-09T23:56:48.961772+00:00,http://data.shareabouts.org/api/v2/nycdot/datasets/nycbikeshare/places/277620,session:e3285f59b4c1368d7a034246c54ff827,True
,,2014-11-09T18:33:44.272463+00:00,568,POINT (-73.9455659999999995 40.7918670000000034),277583,US,Country,NY,State,New York County,County,New York City,City,40.791629,-73.945875,False,ADDRESS,L1AAA,40.791867,-73.945566,0,"http://open.mapquestapi.com/staticmap/v4/getmap?key=Fmjtd|luur2g0bnl,25=o5-9at29u&type=map&size=225,160&pois=purple-1,40.79186743147958,-73.94556552171707,0,0|&center=40.79186743147958,-73.94556552171707&zoom=15&rand=431271645",10029,N,East 105th Street,s,suggestion,"This is a wide road (with not many cars), so there is plenty of space to put in the station. Also, there are many people living in the neighborhood will use the station. ",,,,,,,,Casey Chan,2014-11-09T18:33:44.414187+00:00,http://data.shareabouts.org/api/v2/nycdot/datasets/nycbikeshare/places/277583,session:d4501b507a92dd506a7f0463f9b3896a,True
1,Manhattan,2014-11-09T17:58:58.516231+00:00,568,POINT (-73.9411850000000044 40.8049419999999969),277581,US,Country,NY,State,New York County,County,New York City,City,40.804849,-73.941093,False,ADDRESS,L1AAA,40.804942,-73.941185,0,"http://open.mapquestapi.com/staticmap/v4/getmap?key=Fmjtd|luur2g0bnl,25=o5-9at29u&type=map&size=225,160&pois=purple-1,40.80494161335099,-73.94118547439575,0,0|&center=40.80494161335099,-73.94118547439575&zoom=15&rand=1284826427",10035,N,1919 Madison Avenue,s,suggestion,"It's halfway between the two major East-west subway lines of the 2,3 and the 4,5 and 6 as well as only 2 blocks from Metro-North Transit Station. In addition it is across from the lovely Marcus Garvey Park. ",,,,,,,,Jason Wagner,2014-11-09T17:58:59.149949+00:00,http://data.shareabouts.org/api/v2/nycdot/datasets/nycbikeshare/places/277581,session:16701bb0cd2bdf0683432b657ecb5f71,True
,,2014-11-09T12:27:57.980392+00:00,568,POINT (-73.9501819999999981 40.7713359999999980),277560,US,Country,NY,State,New York County,County,New York City,City,40.771421,-73.95007,False,ADDRESS,L1AAA,40.771336,-73.950182,0,"http://open.mapquestapi.com/staticmap/v4/getmap?key=Fmjtd|luur2g0bnl,25=o5-9at29u&type=map&size=225,160&pois=purple-1,40.771336238393765,-73.9501816034317,0,0|&center=40.771336238393765,-73.9501816034317&zoom=15&rand=-154580652",10075,N,501 East 79th Street,s,suggestion,It's on a major crosstown artery -and the nearest subway stop is 10 minutes on foot. ,,,,,,,,Chris Natale,2014-11-09T12:27:58.009437+00:00,http://data.shareabouts.org/api/v2/nycdot/datasets/nycbikeshare/places/277560,session:63d42c37ee2e7c6526e0599918107211,True
1,Manhattan,2014-11-09T12:27:40.286261+00:00,568,POINT (-73.9501819999999981 40.7713359999999980),277559,US,Country,NY,State,New York County,County,New York City,City,40.771421,-73.95007,False,ADDRESS,L1AAA,40.771336,-73.950182,0,"http://open.mapquestapi.com/staticmap/v4/getmap?key=Fmjtd|luur2g0bnl,25=o5-9at29u&type=map&size=225,160&pois=purple-1,40.771336238393765,-73.9501816034317,0,0|&center=40.771336238393765,-73.9501816034317&zoom=15&rand=-154580652",10075,N,501 East 79th Street,s,suggestion,It's on a major crosstown artery -and the nearest subway stop is 10 minutes on foot. ,,,,,,,,Chris Natale,2014-11-09T12:27:43.371704+00:00,http://data.shareabouts.org/api/v2/nycdot/datasets/nycbikeshare/places/277559,session:63d42c37ee2e7c6526e0599918107211,True
3,Brooklyn,2014-11-08T13:08:12.292978+00:00,568,POINT (-73.9697890000000058 40.6725339999999989),277517,US,Country,NY,State,Kings County,County,New York City,City,40.672263,-73.969901,False,ADDRESS,L1AAA,40.672534,-73.969789,0,"http://open.mapquestapi.com/staticmap/v4/getmap?key=Fmjtd|luur2g0bnl,25=o5-9at29u&type=map&size=225,160&pois=purple-1,40.67253381489595,-73.96978855133057,0,0|&center=40.67253381489595,-73.96978855133057&zoom=15&rand=17249969",11238,N,West Drive,s,suggestion,"All of Prospect Park should be well served by bikes in the next round.  Because it's a park.  Locals and tourists love it.  And bikes in and near the park allow them to visit Botanic Garden, Museum, and all of the neighborhoods near the park.",,,,,,,,Michelle,2014-11-08T13:08:13.002801+00:00,http://data.shareabouts.org/api/v2/nycdot/datasets/nycbikeshare/places/277517,session:1cdb3c4c687660fc913185bec0f5f732,True
3,Brooklyn,2014-11-08T13:05:36.236578+00:00,568,POINT (-73.9442970000000059 40.7143299999999968),277516,US,Country,NY,State,Kings County,County,New York City,City,40.714295,-73.944632,False,ADDRESS,L1AAA,40.71433,-73.944297,0,"http://open.mapquestapi.com/staticmap/v4/getmap?key=Fmjtd|luur2g0bnl,25=o5-9at29u&type=map&size=225,160&pois=purple-1,40.714329906188986,-73.94429683685303,0,0|&center=40.714329906188986,-73.94429683685303&zoom=15&rand=-1166161027",11211,N,333 Graham Avenue,s,suggestion,East Williamsburg has a lot of young people and tourists.  More and more people are moving to new residential buildings. And it's near the subway.,,,,,,,,Michelle,2014-11-08T13:05:38.309189+00:00,http://data.shareabouts.org/api/v2/nycdot/datasets/nycbikeshare/places/277516,session:1cdb3c4c687660fc913185bec0f5f732,True
3,Brooklyn,2014-11-08T13:04:03.906405+00:00,568,POINT (-73.9537380000000013 40.7300230000000028),277515,US,Country,NY,State,Kings County,County,New York City,City,40.730011,-73.953885,False,ADDRESS,L1AAA,40.730023,-73.953738,0,"http://open.mapquestapi.com/staticmap/v4/getmap?key=Fmjtd|luur2g0bnl,25=o5-9at29u&type=map&size=225,160&pois=purple-1,40.73002310367934,-73.95373821258545,0,0|&center=40.73002310367934,-73.95373821258545&zoom=15&rand=-588469561",11222,N,892 Manhattan Avenue,s,suggestion,Greenpoint has a lot of young people and tourists.  More and more people are moving to new residential buildings. And it's near the subway.,,,,,,,,Michelle,2014-11-08T13:04:04.864547+00:00,http://data.shareabouts.org/api/v2/nycdot/datasets/nycbikeshare/places/277515,session:1cdb3c4c687660fc913185bec0f5f732,True
1,Manhattan,2014-11-08T02:57:08.874954+00:00,568,POINT (-73.9928290000000004 40.7339460000000031),277507,US,Country,NY,State,New York County,County,New York City,City,40.734056,-73.992857,False,ADDRESS,L1AAA,40.733946,-73.992829,0,"http://open.mapquestapi.com/staticmap/v4/getmap?key=Fmjtd|luur2g0bnl,25=o5-9at29u&type=map&size=225,160&pois=purple-1,40.73394582490771,-73.9928287267685,0,0|&center=40.73394582490771,-73.9928287267685&zoom=15&rand=-523943057",10003,N,100 University Place,s,suggestion,"Parsons, NYU, and Cardozo School of Law block. ",,,,,,,,Student,2014-11-08T02:57:11.481745+00:00,http://data.shareabouts.org/api/v2/nycdot/datasets/nycbikeshare/places/277507,session:90a08df6ae54fb3368ccb471dfc23313,True
1,Manhattan,2014-11-07T21:42:27.623556+00:00,568,POINT (-73.9492539999999963 40.8020989999999983),277462,US,Country,NY,State,New York County,County,New York City,City,40.802013,-73.949238,False,ADDRESS,L1AAA,40.802099,-73.949254,0,"http://open.mapquestapi.com/staticmap/v4/getmap?key=Fmjtd|luur2g0bnl,25=o5-9at29u&type=map&size=225,160&pois=purple-1,40.802099177568245,-73.94925355911255,0,0|&center=40.802099177568245,-73.94925355911255&zoom=15&rand=714692677",10026,N,45 West 116th Street,s,suggestion,You could use the bikes for a quick jaunt through northern Central Park or to get around Central Harlem.,2,http://data.shareabouts.org/api/v2/nycdot/datasets/nycbikeshare/places/277462/support,,,,,,Mark Canavera,2014-11-07T21:42:28.456584+00:00,http://data.shareabouts.org/api/v2/nycdot/datasets/nycbikeshare/places/277462,session:37a026ce0411b346c241dfcafa75d7b0,True
1,Manhattan,2014-11-07T19:40:11.875032+00:00,568,POINT (-73.9877060000000029 40.7763249999999999),277435,US,Country,NY,State,New York County,County,New York City,City,40.776569,-73.987664,False,ADDRESS,L1AAA,40.776325,-73.987706,0,"http://open.mapquestapi.com/staticmap/v4/getmap?key=Fmjtd|luur2g0bnl,25=o5-9at29u&type=map&size=225,160&pois=purple-1,40.7763249128498,-73.98770570755005,0,0|&center=40.7763249128498,-73.98770570755005&zoom=15&rand=-900254620",10023,N,303 West 66th Street,s,suggestion,Home... Sweet Home,,,,,,,,RJ,2014-11-07T19:40:12.803225+00:00,http://data.shareabouts.org/api/v2/nycdot/datasets/nycbikeshare/places/277435,session:d863d63f0b006381eb9e0da2ce360839,True
1,Manhattan,2014-11-07T19:38:28.661995+00:00,568,POINT (-73.9899369999999976 40.7775719999999993),277434,US,Country,NY,State,New York County,County,New York City,City,40.777196,-73.990128,False,ADDRESS,L1AAA,40.777572,-73.989937,0,"http://open.mapquestapi.com/staticmap/v4/getmap?key=Fmjtd|luur2g0bnl,25=o5-9at29u&type=map&size=225,160&pois=purple-1,40.777572022935054,-73.98993730545044,0,0|&center=40.777572022935054,-73.98993730545044&zoom=15&rand=709214615",10069,N,Joe DiMaggio Highway,s,suggestion,Along the riverfront and close to the river dr staircase,,,,,,,,RJ,2014-11-07T19:38:29.210232+00:00,http://data.shareabouts.org/api/v2/nycdot/datasets/nycbikeshare/places/277434,session:d863d63f0b006381eb9e0da2ce360839,True
1,Manhattan,2014-11-07T19:15:56.529562+00:00,568,POINT (-73.9575150000000008 40.7659650000000013),277413,US,Country,NY,State,New York County,County,New York City,City,40.76607,-73.957473,False,ADDRESS,L1AAA,40.765965,-73.957515,0,"http://open.mapquestapi.com/staticmap/v4/getmap?key=Fmjtd|luur2g0bnl,25=o5-9at29u&type=map&size=225,160&pois=purple-1,40.76596527603732,-73.95751476287842,0,0|&center=40.76596527603732,-73.95751476287842&zoom=15&rand=-1218862815",10021,N,1281 1st Avenue,s,suggestion,services the the 1st ave bike lane ,,,,,,,,Alicia Wnorowski,2014-11-07T19:15:57.911766+00:00,http://data.shareabouts.org/api/v2/nycdot/datasets/nycbikeshare/places/277413,session:35a3a9d5fcc75ca001cff8e9115b88e2,True
3,Brooklyn,2014-11-07T18:55:51.750555+00:00,568,POINT (-73.9580140000000057 40.7321710000000010),277391,US,Country,NY,State,Kings County,County,New York City,City,40.732165,-73.958195,False,ADDRESS,L1AAA,40.732171,-73.958014,0,"http://open.mapquestapi.com/staticmap/v4/getmap?key=Fmjtd|luur2g0bnl,25=o5-9at29u&type=map&size=225,160&pois=purple-1,40.732171482759114,-73.95801365375519,0,0|&center=40.732171482759114,-73.95801365375519&zoom=15&rand=1232082389",11222,N,163 Franklin Street,s,suggestion,Close to Greenpoint Subway station and along existing bike path.,,,,,,,,Saranga Nakhooda,2014-11-07T18:55:53.293309+00:00,http://data.shareabouts.org/api/v2/nycdot/datasets/nycbikeshare/places/277391,session:8bc41b8148c882ca11ff6c4bd6692b05,True
,,2014-11-07T18:38:42.246101+00:00,568,POINT (-73.9715649999999982 40.8287249999999986),277378,US,Country,NJ,State,Bergen County,County,Edgewater,City,40.828579,-73.972063,False,ADDRESS,L1AAA,40.828725,-73.971565,0,"http://open.mapquestapi.com/staticmap/v4/getmap?key=Fmjtd|luur2g0bnl,25=o5-9at29u&type=map&size=225,160&pois=purple-1,40.82872464429845,-73.97156506779538,0,0|&center=40.82872464429845,-73.97156506779538&zoom=15&rand=1431040254",07020,N,989 River Road,s,suggestion,"Ferry station, close to Whole Foods, pharmacy, and stores.",1,http://data.shareabouts.org/api/v2/nycdot/datasets/nycbikeshare/places/277378/support,,,,,,Pedro Alvizua,2014-11-07T18:38:42.334168+00:00,http://data.shareabouts.org/api/v2/nycdot/datasets/nycbikeshare/places/277378,session:ec9c306576667916edeb5f51502c64e4,True
,,2014-11-07T18:36:11.952735+00:00,568,POINT (-73.9782026409999958 40.8206452298000002),277376,US,Country,NJ,State,Bergen County,County,Edgewater,City,40.820456,-73.977505,False,ADDRESS,L1AAA,40.820637,-73.978144,0,"http://open.mapquestapi.com/staticmap/v4/getmap?key=Fmjtd|luur2g0bnl,25=o5-9at29u&type=map&size=225,160&pois=purple-1,40.820637110649315,-73.97814363241196,0,0|&center=40.820637110649315,-73.97814363241196&zoom=15&rand=496223020",07020,N,Russell Avenue,s,suggestion,"Big apartment complex with many commuters. In front of a School, and a park.",1,http://data.shareabouts.org/api/v2/nycdot/datasets/nycbikeshare/places/277376/support,,,,,,Pedro Alvizua,2014-11-07T18:36:11.984236+00:00,http://data.shareabouts.org/api/v2/nycdot/datasets/nycbikeshare/places/277376,session:ec9c306576667916edeb5f51502c64e4,True
,,2014-11-07T18:33:07.418160+00:00,568,POINT (-74.0340649999999982 40.7269580000000033),277375,US,Country,NJ,State,Hudson County,County,Jersey City,City,40.727641,-74.033818,False,ADDRESS,L1AAA,40.726958,-74.034065,0,"http://open.mapquestapi.com/staticmap/v4/getmap?key=Fmjtd|luur2g0bnl,25=o5-9at29u&type=map&size=225,160&pois=purple-1,40.72695793568467,-74.03406500816345,0,0|&center=40.72695793568467,-74.03406500816345&zoom=15&rand=2146305428",07310,N,Washington Avenue,s,suggestion,Helps commuting into the city,,,,,,,,Diego Alvarez,2014-11-07T18:33:07.448909+00:00,http://data.shareabouts.org/api/v2/nycdot/datasets/nycbikeshare/places/277375,session:a773419c249cbe4ba955bf7d2b6db5a1,True
,,2014-11-07T18:32:17.070503+00:00,568,POINT (-74.0336790000000065 40.7159479999999974),277374,US,Country,NJ,State,Hudson County,County,Jersey City,City,40.715859,-74.033628,False,ADDRESS,L1AAA,40.715948,-74.033679,0,"http://open.mapquestapi.com/staticmap/v4/getmap?key=Fmjtd|luur2g0bnl,25=o5-9at29u&type=map&size=225,160&pois=purple-1,40.715948184163935,-74.03367877006531,0,0|&center=40.715948184163935,-74.03367877006531&zoom=15&rand=44745639",0732,N,York Street,s,suggestion,Helps commute into the city,,,,,,,,Diego Alvarez,2014-11-07T18:32:17.104428+00:00,http://data.shareabouts.org/api/v2/nycdot/datasets/nycbikeshare/places/277374,session:a773419c249cbe4ba955bf7d2b6db5a1,True
,,2014-11-07T18:31:52.548092+00:00,568,POINT (-74.0421220000000062 40.7194530000000015),277373,US,Country,NJ,State,Hudson County,County,Jersey City,City,40.719715,-74.041883,False,ADDRESS,L1AAA,40.719453,-74.042122,0,"http://open.mapquestapi.com/staticmap/v4/getmap?key=Fmjtd|luur2g0bnl,25=o5-9at29u&type=map&size=225,160&pois=purple-1,40.71945296291278,-74.04212236404419,0,0|&center=40.71945296291278,-74.04212236404419&zoom=15&rand=847854511",07302,N,100-102 Christopher Columbus Drive,s,suggestion,Help commute into the city,1,http://data.shareabouts.org/api/v2/nycdot/datasets/nycbikeshare/places/277373/support,,,,,,Diego Alvarez,2014-11-07T18:31:52.579418+00:00,http://data.shareabouts.org/api/v2/nycdot/datasets/nycbikeshare/places/277373,session:a773419c249cbe4ba955bf7d2b6db5a1,True
,,2014-11-07T18:26:05.666097+00:00,568,POINT (-73.9774999021999946 40.8201323683000012),277369,US,Country,NJ,State,Bergen County,County,Edgewater,City,40.819624,-73.977484,False,ADDRESS,L1AAA,40.819462,-73.978062,0,"http://open.mapquestapi.com/staticmap/v4/getmap?key=Fmjtd|luur2g0bnl,25=o5-9at29u&type=map&size=225,160&pois=purple-1,40.819461854228145,-73.97806227032561,0,0|&center=40.819461854228145,-73.97806227032561&zoom=15&rand=-720857579",07020,N,River Road,s,suggestion,"Street Mall, with river view restaurants, a Trader Joe's, Tennis Center, and a Gym.",1,http://data.shareabouts.org/api/v2/nycdot/datasets/nycbikeshare/places/277369/support,,,,,,Pedro Alvizua,2014-11-07T18:26:05.697162+00:00,http://data.shareabouts.org/api/v2/nycdot/datasets/nycbikeshare/places/277369,session:ec9c306576667916edeb5f51502c64e4,True
1,Manhattan,2014-11-07T18:20:56.453272+00:00,568,POINT (-73.9354780000000034 40.7959829999999997),277368,US,Country,NY,State,New York County,County,New York City,City,40.795932,-73.935679,False,ADDRESS,L1AAA,40.795983,-73.935478,0,"http://open.mapquestapi.com/staticmap/v4/getmap?key=Fmjtd|luur2g0bnl,25=o5-9at29u&type=map&size=225,160&pois=purple-1,40.79598346733493,-73.93547773361206,0,0|&center=40.79598346733493,-73.93547773361206&zoom=15&rand=1233928989",10029,N,2257 1st Avenue,s,suggestion,"Protected bike lane, East River, close to East River Plaza (Costco, Target, ...). Not too far from where I live. East Harlem needs a CitiBike spot",,,,https://fbcdn-profile-a.akamaihd.net/hprofile-ak-xpf1/v/t1.0-1/c8.8.96.96/p112x112/1888612_10152022588148335_1062200567_n.jpg?oh=82e4876297cb0db56f47f3ee216c596e&oe=54D307F9&__gda__=1425443694_2a6423abed1009317e7557e1b499b2d6,1801,Martin Schade,MartinSchade,,2014-11-07T18:21:00.246137+00:00,http://data.shareabouts.org/api/v2/nycdot/datasets/nycbikeshare/places/277368,user:1801,True
,,2014-11-07T18:17:57.203546+00:00,568,POINT (-73.9827463031000008 40.8137787806000034),277365,US,Country,NJ,State,Bergen County,County,Edgewater,City,40.813593,-73.983796,False,ADDRESS,L1AAA,40.813509,-73.983629,0,"http://open.mapquestapi.com/staticmap/v4/getmap?key=Fmjtd|luur2g0bnl,25=o5-9at29u&type=map&size=225,160&pois=purple-1,40.81350879016022,-73.98362874919258,0,0|&center=40.81350879016022,-73.98362874919258&zoom=15&rand=-967124234",07020,N,River Road,s,suggestion,"Popular street mall, with many restaurants, a supermarket, and big stores, e.g., Target.",2,http://data.shareabouts.org/api/v2/nycdot/datasets/nycbikeshare/places/277365/support,,,,,,Pedro Alvizua,2014-11-07T18:17:57.236435+00:00,http://data.shareabouts.org/api/v2/nycdot/datasets/nycbikeshare/places/277365,session:ec9c306576667916edeb5f51502c64e4,True
,,2014-11-07T18:04:59.841715+00:00,568,POINT (-73.9902350307000063 40.8064257225000020),277347,US,Country,NJ,State,Bergen County,County,Edgewater,City,40.810652,-73.989116,False,ADDRESS,L1AAA,40.808336,-73.990624,0,"http://open.mapquestapi.com/staticmap/v4/getmap?key=Fmjtd|luur2g0bnl,25=o5-9at29u&type=map&size=225,160&pois=purple-1,40.808336134290265,-73.99062395095825,0,0|&center=40.808336134290265,-73.99062395095825&zoom=15&rand=1334093398",07020,N,Old River Road,s,suggestion,"This is a popular street mall, with a big hotel, close to the movie theater, and to many apartment complexes, and restaurants.",1,http://data.shareabouts.org/api/v2/nycdot/datasets/nycbikeshare/places/277347/support,,,,,,Pedro Alvizua,2014-11-07T18:04:59.874226+00:00,http://data.shareabouts.org/api/v2/nycdot/datasets/nycbikeshare/places/277347,session:ec9c306576667916edeb5f51502c64e4,True
3,Brooklyn,2014-11-07T17:21:18.214854+00:00,568,POINT (-74.0109070000000031 40.6788200000000018),277323,US,Country,NY,State,Kings County,County,New York City,City,40.678739,-74.01099,False,ADDRESS,L1AAA,40.67882,-74.010907,0,"http://open.mapquestapi.com/staticmap/v4/getmap?key=Fmjtd|luur2g0bnl,25=o5-9at29u&type=map&size=225,160&pois=purple-1,40.67881954567787,-74.01090681552887,0,0|&center=40.67881954567787,-74.01090681552887&zoom=15&rand=-2122290385",11231,N,291 Van Brunt Street,s,suggestion,Start of restaurant row,,,,,,,,Adam Johnson,2014-11-07T17:21:20.058302+00:00,http://data.shareabouts.org/api/v2/nycdot/datasets/nycbikeshare/places/277323,session:bfe05ff29debe12c69b5827cd9872c4b,True
3,Brooklyn,2014-11-07T17:05:35.097632+00:00,568,POINT (-73.9569840000000056 40.6741370000000018),277318,US,Country,NY,State,Kings County,County,New York City,City,40.674087,-73.957052,False,ADDRESS,L1AAA,40.674137,-73.956984,0,"http://open.mapquestapi.com/staticmap/v4/getmap?key=Fmjtd|luur2g0bnl,25=o5-9at29u&type=map&size=225,160&pois=purple-1,40.674136834250746,-73.95698368549347,0,0|&center=40.674136834250746,-73.95698368549347&zoom=15&rand=-191924122",11238,N,638 Park Place,s,suggestion,"Close to Shuttle, 2/3/4/5, and bustling Franklin Ave. ",,,,,,,,Aaron,2014-11-07T17:05:35.936526+00:00,http://data.shareabouts.org/api/v2/nycdot/datasets/nycbikeshare/places/277318,session:6eaaebd52605d0a5bc370c2e03049347,True
1,Manhattan,2014-11-07T15:51:47.748121+00:00,568,POINT (-73.9820890000000020 40.7776670000000010),277263,US,Country,NY,State,New York County,County,New York City,City,40.77753,-73.981796,False,ADDRESS,L1AAA,40.777667,-73.982089,0,"http://open.mapquestapi.com/staticmap/v4/getmap?key=Fmjtd|luur2g0bnl,25=o5-9at29u&type=map&size=225,160&pois=purple-1,40.77766748479454,-73.98208916187286,0,0|&center=40.77766748479454,-73.98208916187286&zoom=15&rand=608012351",10023,N,2054 Broadway,s,suggestion,"nearby but not on top of major subway transit hub at 72.  Original plan was supposed to have bikes up to 79th street, and they have been missed!  It's a frustrating walk to 59th only to find out they are out of bikes when you get there.",,,,,,,,Paul,2014-11-07T15:51:48.861444+00:00,http://data.shareabouts.org/api/v2/nycdot/datasets/nycbikeshare/places/277263,session:7043f63df88c1ba48ff50b1bf3245eb8,True
4,Queens,2014-11-07T15:41:31.830041+00:00,568,POINT (-73.9184510000000046 40.7584850000000003),277258,US,Country,NY,State,Queens County,County,New York City,City,40.75854,-73.918634,False,ADDRESS,L1AAA,40.758485,-73.918451,0,"http://open.mapquestapi.com/staticmap/v4/getmap?key=Fmjtd|luur2g0bnl,25=o5-9at29u&type=map&size=225,160&pois=purple-1,40.75848502054755,-73.91845107078552,0,0|&center=40.75848502054755,-73.91845107078552&zoom=15&rand=-945274798",11103,N,4020 Broadway,s,suggestion,"It is very close to the Broadway/Steinway MTA stop, it is central to this part of Astoria, and there is already a large amount of available sidewalk space allocated for a large bike rack which is very under-used.",,,,,,,,Jake DeGroot,2014-11-07T15:41:38.029723+00:00,http://data.shareabouts.org/api/v2/nycdot/datasets/nycbikeshare/places/277258,session:6f8c636b73dabde3b76f2ae5ed5a3c54,True
1,Manhattan,2014-11-07T05:21:04.010142+00:00,568,POINT (-73.9480729999999937 40.8168870000000013),277186,US,Country,NY,State,New York County,County,New York City,City,40.816946,-73.947954,False,ADDRESS,L1AAA,40.816887,-73.948073,0,"http://open.mapquestapi.com/staticmap/v4/getmap?key=Fmjtd|luur2g0bnl,25=o5-9at29u&type=map&size=225,160&pois=purple-1,40.81688663388094,-73.948073387146,0,0|&center=40.81688663388094,-73.948073387146&zoom=15&rand=-1977150199",10040,N,Saint Nicholas Avenue,s,suggestion,it would encourage and allow the neighborhood to use alternative modes of transportation. Plus there's a beautiful bike lane that runs down St. Nicholas to Central Park that appears to be highly under used. Citi Bikes can change that.,,,,,,,,Tate Obayashi,2014-11-07T05:21:04.930453+00:00,http://data.shareabouts.org/api/v2/nycdot/datasets/nycbikeshare/places/277186,session:79808c4f42fec06c2cad884a41bfb27a,True
4,Queens,2014-11-07T00:47:18.604079+00:00,568,POINT (-73.9105220000000003 40.7759920000000022),277149,US,Country,NY,State,Queens County,County,New York City,City,40.775856,-73.910547,False,ADDRESS,L1AAA,40.775992,-73.910522,0,"http://open.mapquestapi.com/staticmap/v4/getmap?key=Fmjtd|luur2g0bnl,25=o5-9at29u&type=map&size=225,160&pois=purple-1,40.775991804565585,-73.9105224609375,0,0|&center=40.775991804565585,-73.9105224609375&zoom=15&rand=1913629288",11105,N,31-04 Ditmars Boulevard,s,suggestion,It is close to the last stop of N-Q lines and also would cover a big area with no subway access and just two bus routes.,,,,,,,,Maria Guzman,2014-11-07T00:47:19.505281+00:00,http://data.shareabouts.org/api/v2/nycdot/datasets/nycbikeshare/places/277149,session:08596140ad802daf5c2abbcdfdc67764,True
3,Brooklyn,2014-11-06T20:52:44.243050+00:00,568,POINT (-73.9638819999999981 40.6718540000000033),276970,US,Country,NY,State,Kings County,County,New York City,City,40.672374,-73.9638,False,ADDRESS,L1AAA,40.671854,-73.963882,0,"http://open.mapquestapi.com/staticmap/v4/getmap?key=Fmjtd|luur2g0bnl,25=o5-9at29u&type=map&size=225,160&pois=purple-1,40.671854350900134,-73.96388232707977,0,0|&center=40.671854350900134,-73.96388232707977&zoom=15&rand=231608688",11238,N,159 Eastern Parkway,s,suggestion,"There are always tons of people around and lots already ride bikes!  I commute by bike from here most days.  Sometimes I ride my own bike, but on days I decide to take Citibike, I have to walk nearly 15 minutes to get to the nearest dock!  ",,,,,,,,Caitlin Dean,2014-11-06T20:52:44.976953+00:00,http://data.shareabouts.org/api/v2/nycdot/datasets/nycbikeshare/places/276970,session:4c7f276b85ffe3add2457fd61b0e5af9,True
3,Brooklyn,2014-11-06T19:32:51.960409+00:00,568,POINT (-73.9356386662000062 40.5771581476999970),276923,,,,,,,,,,,,,,,,,,,,,,suggestion,"1701 Oriental Boulevard
Kingsborogh Comunity College
Brighton train station",1,http://data.shareabouts.org/api/v2/nycdot/datasets/nycbikeshare/places/276923/support,,,,,,rosey,2014-11-06T19:32:52.584474+00:00,http://data.shareabouts.org/api/v2/nycdot/datasets/nycbikeshare/places/276923,session:5f17c88493593246e9f4030c41f3c55c,True
3,Brooklyn,2014-11-06T19:29:32.184035+00:00,568,POINT (-73.9376180000000005 40.5782910000000001),276916,US,Country,NY,State,Kings County,County,New York City,City,40.578591,-73.937606,False,ADDRESS,L1AAA,40.578291,-73.937618,0,"http://open.mapquestapi.com/staticmap/v4/getmap?key=Fmjtd|luur2g0bnl,25=o5-9at29u&type=map&size=225,160&pois=purple-1,40.57829083250525,-73.93761813640594,0,0|&center=40.57829083250525,-73.93761813640594&zoom=15&rand=-2014667520",11235,N,1701 Oriental Boulevard,s,suggestion,The location is heavily trafficked in the mornings and afternoons to the point of entirely filling up the buses over capacity.,,,,,,,,Jaraad Burgos,2014-11-06T19:29:33.342221+00:00,http://data.shareabouts.org/api/v2/nycdot/datasets/nycbikeshare/places/276916,session:7c2c81c49669d1f2708a0034d26b3a71,True
,,2014-11-06T18:44:22.425529+00:00,568,POINT (-73.9355639999999994 40.5750559999999965),276852,US,Country,NY,State,Kings County,County,New York City,City,40.57572,-73.933883,False,ADDRESS,L1AAA,40.575056000000004,-73.935564,0,"http://open.mapquestapi.com/staticmap/v4/getmap?key=Fmjtd|luur2g0bnl,25=o5-9at29u&type=map&size=225,160&pois=purple-1,40.575055703605855,-73.93556356430054,0,0|&center=40.575055703605855,-73.93556356430054&zoom=15&rand=76694517",11235,N,John Berry Boulevard,s,suggestion,,3,http://data.shareabouts.org/api/v2/nycdot/datasets/nycbikeshare/places/276852/support,,,,,,Hello~,2014-11-06T18:44:22.454373+00:00,http://data.shareabouts.org/api/v2/nycdot/datasets/nycbikeshare/places/276852,session:8e0da98eabe789ef27a1056496bb0366,True
1,Manhattan,2014-11-06T16:32:15.741505+00:00,568,POINT (-73.9515980000000042 40.8119939999999986),276728,US,Country,NY,State,New York County,County,New York City,City,40.812199,-73.951671,False,ADDRESS,L1AAA,40.811994,-73.951598,0,"http://open.mapquestapi.com/staticmap/v4/getmap?key=Fmjtd|luur2g0bnl,25=o5-9at29u&type=map&size=225,160&pois=purple-1,40.811994388881516,-73.95159780979156,0,0|&center=40.811994388881516,-73.95159780979156&zoom=15&rand=2019655525",10035; 10027,N,West 127th Street,s,suggestion,Right by ABCD 127th Train Entrance,1,http://data.shareabouts.org/api/v2/nycdot/datasets/nycbikeshare/places/276728/support,,,,,,Marco,2014-11-06T16:32:16.812500+00:00,http://data.shareabouts.org/api/v2/nycdot/datasets/nycbikeshare/places/276728,session:eb498205bb2fdca01bb8fa8a840f56df,True
3,Brooklyn,2014-11-06T16:24:58.754616+00:00,568,POINT (-73.9376180000000005 40.5782889999999981),276718,US,Country,NY,State,Kings County,County,New York City,City,40.578591,-73.937606,False,ADDRESS,L1AAA,40.578289,-73.937618,0,"http://open.mapquestapi.com/staticmap/v4/getmap?key=Fmjtd|luur2g0bnl,25=o5-9at29u&type=map&size=225,160&pois=purple-1,40.57828879531965,-73.93761813640594,0,0|&center=40.57828879531965,-73.93761813640594&zoom=15&rand=-1611505547",11235,N,1701 Oriental Boulevard,s,suggestion,"Over 40,000 Students Faculty and Staff come to Kingsborough Community College and the only two buses that come here are the overcrowded B1 and B49.",30,http://data.shareabouts.org/api/v2/nycdot/datasets/nycbikeshare/places/276718/support,,https://scontent-b.xx.fbcdn.net/hprofile-xpa1/v/l/t1.0-1/c11.0.100.100/p100x100/994179_10152221531151851_5757011156693190846_n.jpg?oh=6613431f04b2b40485491ca72d3abea8&oe=54DD409F,1790,Ari Nagel,AriNagel,,2014-11-06T16:25:02.955667+00:00,http://data.shareabouts.org/api/v2/nycdot/datasets/nycbikeshare/places/276718,user:1790,True
,,2014-11-06T16:24:08.558429+00:00,568,POINT (-73.9376180000000005 40.5782889999999981),276717,US,Country,NY,State,Kings County,County,New York City,City,40.578591,-73.937606,False,ADDRESS,L1AAA,40.578289,-73.937618,0,"http://open.mapquestapi.com/staticmap/v4/getmap?key=Fmjtd|luur2g0bnl,25=o5-9at29u&type=map&size=225,160&pois=purple-1,40.57828879531965,-73.93761813640594,0,0|&center=40.57828879531965,-73.93761813640594&zoom=15&rand=-1611505547",11235,N,1701 Oriental Boulevard,s,suggestion,"Over 40,000 Students Faculty and Staff come to Kingsborough Community College and the only two buses that come here are the overcrowded B1 and B49.",6,http://data.shareabouts.org/api/v2/nycdot/datasets/nycbikeshare/places/276717/support,,https://scontent-b.xx.fbcdn.net/hprofile-xpa1/v/l/t1.0-1/c11.0.100.100/p100x100/994179_10152221531151851_5757011156693190846_n.jpg?oh=6613431f04b2b40485491ca72d3abea8&oe=54DD409F,1790,Ari Nagel,AriNagel,,2014-11-06T16:24:08.569653+00:00,http://data.shareabouts.org/api/v2/nycdot/datasets/nycbikeshare/places/276717,user:1790,True
1,Manhattan,2014-11-06T14:50:26.960902+00:00,568,POINT (-73.9540060000000068 40.7585219999999993),276675,US,Country,NY,State,New York County,County,New York City,City,40.758271,-73.953621,False,ADDRESS,L1AAA,40.758522,-73.954006,0,"http://open.mapquestapi.com/staticmap/v4/getmap?key=Fmjtd|luur2g0bnl,25=o5-9at29u&type=map&size=225,160&pois=purple-1,40.7585215909273,-73.95400643348694,0,0|&center=40.7585215909273,-73.95400643348694&zoom=15&rand=1290022255",10044,N,415 Main Street,s,suggestion,"This is the ""town square"" of Roosevelt Island ,, a great location to engage with community!",,,,,,,,bikeadelic,2014-11-06T14:50:27.950366+00:00,http://data.shareabouts.org/api/v2/nycdot/datasets/nycbikeshare/places/276675,session:f55009e6b7f738e385ccdf6a6c4d36c8,True
3,Brooklyn,2014-11-06T03:12:22.300637+00:00,568,POINT (-73.9727440000000058 40.6775829999999985),276616,US,Country,NY,State,Kings County,County,New York City,City,40.67772,-73.972561,False,ADDRESS,L1AAA,40.677583,-73.972744,0,"http://open.mapquestapi.com/staticmap/v4/getmap?key=Fmjtd|luur2g0bnl,25=o5-9at29u&type=map&size=225,160&pois=purple-1,40.677582788524305,-73.97274434566498,0,0|&center=40.677582788524305,-73.97274434566498&zoom=15&rand=24630584",11217,N,337 Flatbush Avenue,s,suggestion,Flatbush and 7th is a major intersection with lots of foot traffic,,,,,,,,Kristina,2014-11-06T03:12:23.300052+00:00,http://data.shareabouts.org/api/v2/nycdot/datasets/nycbikeshare/places/276616,session:122abba375c53ea160b33dc4089dc061,True
1,Manhattan,2014-11-05T23:28:11.207320+00:00,568,POINT (-74.0000869999999935 40.7481750000000034),276604,US,Country,NY,State,New York County,County,New York City,City,40.748277,-74.000236,False,ADDRESS,L1AAA,40.748175,-74.000087,0,"http://open.mapquestapi.com/staticmap/v4/getmap?key=Fmjtd|luur2g0bnl,25=o5-9at29u&type=map&size=225,160&pois=purple-1,40.74817543467668,-74.00008678436278,0,0|&center=40.74817543467668,-74.00008678436278&zoom=15&rand=-1873572925",10001,N,263 9th Avenue,s,suggestion,It fills a hole in the grid and could be done easily on an existing bike path (like the one on 22nd and 9th),1,http://data.shareabouts.org/api/v2/nycdot/datasets/nycbikeshare/places/276604/support,,,,,,Joe Bambury,2014-11-05T23:28:11.843417+00:00,http://data.shareabouts.org/api/v2/nycdot/datasets/nycbikeshare/places/276604,session:7a0f3d6bd57b8da10ba75e0416b72814,True
1,Manhattan,2014-11-05T22:57:28.887041+00:00,568,POINT (-73.9714969999999994 40.7454460000000012),276600,US,Country,NY,State,New York County,County,New York City,City,40.745732,-73.971092,False,ADDRESS,L1AAA,40.745446,-73.971497,0,"http://open.mapquestapi.com/staticmap/v4/getmap?key=Fmjtd|luur2g0bnl,25=o5-9at29u&type=map&size=225,160&pois=purple-1,40.74544639813623,-73.97149711847305,0,0|&center=40.74544639813623,-73.97149711847305&zoom=15&rand=-1097233367",10016,N,East 38th Street,s,suggestion,Condo owners really like bikes,,,,,,,,Martin,2014-11-05T22:57:29.982350+00:00,http://data.shareabouts.org/api/v2/nycdot/datasets/nycbikeshare/places/276600,session:5174e2c603e278b34abf567b888f498c,True
4,Queens,2014-11-05T22:20:22.562636+00:00,568,POINT (-73.8493140000000068 40.7520480000000020),276597,US,Country,NY,State,Queens County,County,New York City,City,40.751876,-73.84933,False,ADDRESS,L1AAA,40.752048,-73.849314,0,"http://open.mapquestapi.com/staticmap/v4/getmap?key=Fmjtd|luur2g0bnl,25=o5-9at29u&type=map&size=225,160&pois=purple-1,40.7520483203424,-73.84931445121764,0,0|&center=40.7520483203424,-73.84931445121764&zoom=15&rand=-1684454302",11368,N,117-02 Roosevelt Avenue,s,suggestion,Built-in year-round demand from Parks Dept employees at the Olmsted Center (117-02 Roosevelt Avenue),,,,,,,,Victor Ortega,2014-11-05T22:20:24.377062+00:00,http://data.shareabouts.org/api/v2/nycdot/datasets/nycbikeshare/places/276597,session:b8493644a09c4b81de6d29a761b87d77,True
1,Manhattan,2014-11-05T16:54:44.792810+00:00,568,POINT (-73.9568979999999954 40.8156279999999967),276415,US,Country,NY,State,New York County,County,New York City,City,40.815384,-73.956956,False,ADDRESS,L1AAA,40.815628,-73.956898,0,"http://open.mapquestapi.com/staticmap/v4/getmap?key=Fmjtd|luur2g0bnl,25=o5-9at29u&type=map&size=225,160&pois=purple-1,40.815628082496914,-73.95689785480499,0,0|&center=40.815628082496914,-73.95689785480499&zoom=15&rand=373543118",10027,N,540 West 126th Street,s,suggestion,"A big wide sidewalk here, next to housing and a health center.  126th is a great street to bike on also.",1,http://data.shareabouts.org/api/v2/nycdot/datasets/nycbikeshare/places/276415/support,,,,,,S,2014-11-05T16:54:45.406875+00:00,http://data.shareabouts.org/api/v2/nycdot/datasets/nycbikeshare/places/276415,session:d2c5d779e259f9aa4bf99b9e85fcc80f,True
1,Manhattan,2014-11-05T16:52:21.606831+00:00,568,POINT (-73.9496879999999948 40.8140730000000005),276411,US,Country,NY,State,New York County,County,New York City,City,40.813897,-73.949452,False,ADDRESS,L1AAA,40.814073,-73.949688,0,"http://open.mapquestapi.com/staticmap/v4/getmap?key=Fmjtd|luur2g0bnl,25=o5-9at29u&type=map&size=225,160&pois=purple-1,40.81407312958913,-73.94968807697295,0,0|&center=40.81407312958913,-73.94968807697295&zoom=15&rand=541354411",10027,N,410 Saint Nicholas Avenue,s,suggestion,Alongside a park and a bike lane.,1,http://data.shareabouts.org/api/v2/nycdot/datasets/nycbikeshare/places/276411/support,,,,,,R,2014-11-05T16:52:22.958597+00:00,http://data.shareabouts.org/api/v2/nycdot/datasets/nycbikeshare/places/276411,session:d2c5d779e259f9aa4bf99b9e85fcc80f,True
1,Manhattan,2014-11-05T16:51:03.995304+00:00,568,POINT (-74.0064109999999999 40.7270960000000031),276410,US,Country,NY,State,New York County,County,New York City,City,40.727387,-74.005962,False,ADDRESS,L1AAA,40.727096,-74.006411,0,"http://open.mapquestapi.com/staticmap/v4/getmap?key=Fmjtd|luur2g0bnl,25=o5-9at29u&type=map&size=225,160&pois=purple-1,40.727096155848784,-74.0064114332199,0,0|&center=40.727096155848784,-74.0064114332199&zoom=15&rand=-254645090",10014,N,175 Varick Street,s,suggestion,Lots of people commuting to this area and the houston street dock is always full in the am/empty in the pm,,,,,,,,Olivia,2014-11-05T16:51:04.527363+00:00,http://data.shareabouts.org/api/v2/nycdot/datasets/nycbikeshare/places/276410,session:b1c1f0ed8f7145ac3d9ae3518b377064,True
1,Manhattan,2014-11-05T16:43:43.106417+00:00,568,POINT (-73.9549240000000054 40.7849530000000016),276394,US,Country,NY,State,New York County,County,New York City,City,40.784834,-73.954994,False,ADDRESS,L1AAA,40.784953,-73.954924,0,"http://open.mapquestapi.com/staticmap/v4/getmap?key=Fmjtd|luur2g0bnl,25=o5-9at29u&type=map&size=225,160&pois=purple-1,40.78495264791242,-73.95492374897003,0,0|&center=40.78495264791242,-73.95492374897003&zoom=15&rand=-1806611595",10128,N,60 East 93rd Street,s,suggestion,Reduce traffic near school,,,,,,,,Ben H,2014-11-05T16:43:43.581359+00:00,http://data.shareabouts.org/api/v2/nycdot/datasets/nycbikeshare/places/276394,session:f3707f1c34b42d4109f1ffec3b544f4d,True
1,Manhattan,2014-11-05T16:43:08.386056+00:00,568,POINT (-73.9886070000000018 40.7584850000000003),276393,US,Country,NY,State,New York County,County,New York City,City,40.758713,-73.988298,False,ADDRESS,L1AAA,40.758485,-73.988607,0,"http://open.mapquestapi.com/staticmap/v4/getmap?key=Fmjtd|luur2g0bnl,25=o5-9at29u&type=map&size=225,160&pois=purple-1,40.75848502054755,-73.98860692977905,0,0|&center=40.75848502054755,-73.98860692977905&zoom=15&rand=289362495",10036,N,700 8th Avenue,s,suggestion,"good location, right near crosstown bike lanes",3,http://data.shareabouts.org/api/v2/nycdot/datasets/nycbikeshare/places/276393/support,,,,,,trader bro,2014-11-05T16:43:08.924702+00:00,http://data.shareabouts.org/api/v2/nycdot/datasets/nycbikeshare/places/276393,session:c42cd5c27a960aada0ba038d5c46c9db,True
1,Manhattan,2014-11-05T16:41:27.550650+00:00,568,POINT (-73.9925230000000056 40.7574940000000012),276389,US,Country,NY,State,New York County,County,New York City,City,40.757847,-73.99223,False,ADDRESS,L1AAA,40.757494,-73.992523,0,"http://open.mapquestapi.com/staticmap/v4/getmap?key=Fmjtd|luur2g0bnl,25=o5-9at29u&type=map&size=225,160&pois=purple-1,40.75749354925174,-73.9925229549408,0,0|&center=40.75749354925174,-73.9925229549408&zoom=15&rand=403832133",10036,N,350 West 42nd Street,s,suggestion,would be a perfect place to add bikes,3,http://data.shareabouts.org/api/v2/nycdot/datasets/nycbikeshare/places/276389/support,,,,,,NYC guy,2014-11-05T16:41:28.043956+00:00,http://data.shareabouts.org/api/v2/nycdot/datasets/nycbikeshare/places/276389,session:c42cd5c27a960aada0ba038d5c46c9db,True
1,Manhattan,2014-11-05T16:40:42.463041+00:00,568,POINT (-73.9902699999999953 40.7566160000000011),276386,US,Country,NY,State,New York County,County,New York City,City,40.756642,-73.990452,False,ADDRESS,L1AAA,40.756616,-73.99027,0,"http://open.mapquestapi.com/staticmap/v4/getmap?key=Fmjtd|luur2g0bnl,25=o5-9at29u&type=map&size=225,160&pois=purple-1,40.75661584101113,-73.99026989936829,0,0|&center=40.75661584101113,-73.99026989936829&zoom=15&rand=-1401440355",10036,N,301 West 41st Street,s,suggestion,"this area of the sidewalks are not used, and the PA desperately needs more bike racks",3,http://data.shareabouts.org/api/v2/nycdot/datasets/nycbikeshare/places/276386/support,,,,,,joe,2014-11-05T16:40:43.032831+00:00,http://data.shareabouts.org/api/v2/nycdot/datasets/nycbikeshare/places/276386,session:c42cd5c27a960aada0ba038d5c46c9db,True
,,2014-11-05T16:39:48.852393+00:00,568,POINT (-73.9904520000000048 40.7566240000000022),276385,US,Country,NY,State,New York County,County,New York City,City,40.756642,-73.990452,False,ADDRESS,L1AAA,40.756624,-73.990452,0,"http://open.mapquestapi.com/staticmap/v4/getmap?key=Fmjtd|luur2g0bnl,25=o5-9at29u&type=map&size=225,160&pois=purple-1,40.75662396799245,-73.9904522895813,0,0|&center=40.75662396799245,-73.9904522895813&zoom=15&rand=145929421",10036,N,301 West 41st Street,s,suggestion,"this area of the sidewalks are not used, and the PA desperately needs more bike racks",2,http://data.shareabouts.org/api/v2/nycdot/datasets/nycbikeshare/places/276385/support,,,,,,joe,2014-11-05T16:39:48.955259+00:00,http://data.shareabouts.org/api/v2/nycdot/datasets/nycbikeshare/places/276385,session:c42cd5c27a960aada0ba038d5c46c9db,True
4,Queens,2014-11-05T15:10:34.760754+00:00,568,POINT (-73.9186820000000040 40.7431460000000030),276298,US,Country,NY,State,Queens County,County,New York City,City,40.742769,-73.918542,False,ADDRESS,L1AAA,40.743146,-73.918682,0,"http://open.mapquestapi.com/staticmap/v4/getmap?key=Fmjtd|luur2g0bnl,25=o5-9at29u&type=map&size=225,160&pois=purple-1,40.743146036127726,-73.9186817407608,0,0|&center=40.743146036127726,-73.9186817407608&zoom=15&rand=-1183683392",11377,N,46-02 Queens Boulevard,s,suggestion,"It is the central hub of the Sunnyside community, which is rapidly becoming a young professionals neighborhood. It also happens to be in a pedestrian zone which is currently used for parking, and right by the subway station.  ",,,,,,,,Tiffany,2014-11-05T15:10:35.677242+00:00,http://data.shareabouts.org/api/v2/nycdot/datasets/nycbikeshare/places/276298,session:5408d9fc7a8f9ca787e62fcee1cbfadb,True
4,Queens,2014-11-05T15:01:06.502632+00:00,568,POINT (-73.9217019999999962 40.7469639999999984),276297,US,Country,NY,State,Queens County,County,New York City,City,40.74668,-73.921543,False,ADDRESS,L1AAA,40.746964,-73.921702,0,"http://open.mapquestapi.com/staticmap/v4/getmap?key=Fmjtd|luur2g0bnl,25=o5-9at29u&type=map&size=225,160&pois=purple-1,40.746964349631725,-73.92170190811157,0,0|&center=40.746964349631725,-73.92170190811157&zoom=15&rand=-1889725506",11104,N,41-07 42nd Street,s,suggestion,On 43rd Skillman Ave and 42nd St in Sunnyside Queens. There is a bike lane on Skillman and 43rd making it easy to get out of the area by bike. Skillman traffic is minimal so they would not get too in the way. ,,,,,,,,Elizabeth,2014-11-05T15:01:07.502087+00:00,http://data.shareabouts.org/api/v2/nycdot/datasets/nycbikeshare/places/276297,session:cb262a577b14652e7fd812e350a6e88d,True
3,Brooklyn,2014-11-05T04:56:01.234449+00:00,568,POINT (-73.9831350000000043 40.6650959999999984),276261,US,Country,NY,State,Kings County,County,New York City,City,40.66525,-73.983137,False,ADDRESS,L1AAA,40.665096,-73.983135,0,"http://open.mapquestapi.com/staticmap/v4/getmap?key=Fmjtd|luur2g0bnl,25=o5-9at29u&type=map&size=225,160&pois=purple-1,40.66509595186015,-73.98313522338867,0,0|&center=40.66509595186015,-73.98313522338867&zoom=15&rand=556387041",11215,N,390 7th Avenue,s,suggestion,"Close to subway, and prime south slope ",,,,,,,,Zoheb,2014-11-05T04:56:01.960753+00:00,http://data.shareabouts.org/api/v2/nycdot/datasets/nycbikeshare/places/276261,session:86187366c802bd131de6cbfa3a7581fe,True
4,Queens,2014-11-05T03:07:23.275005+00:00,568,POINT (-73.7820770000000010 40.6438849999999974),276231,US,Country,NY,State,Queens County,County,New York City,City,40.643699,-73.783656,False,ADDRESS,L1AAA,40.643885,-73.782077,0,"http://open.mapquestapi.com/staticmap/v4/getmap?key=Fmjtd|luur2g0bnl,25=o5-9at29u&type=map&size=225,160&pois=purple-1,40.64388453626025,-73.78207683563232,0,0|&center=40.64388453626025,-73.78207683563232&zoom=15&rand=-594544859",11430,N,Terminal 4 departures,s,suggestion,,,,,http://pbs.twimg.com/profile_images/514940335282069504/doLXbhGi_bigger.jpeg,1786,Flyguy54,lcz110,,2014-11-05T03:07:23.993470+00:00,http://data.shareabouts.org/api/v2/nycdot/datasets/nycbikeshare/places/276231,user:1786,True
4,Queens,2014-11-05T03:06:47.158433+00:00,568,POINT (-73.8716199999999930 40.7721889999999973),276230,US,Country,NY,State,Queens County,County,New York City,City,40.774055,-73.872256,False,ADDRESS,L1AAA,40.772189,-73.87162000000001,0,"http://open.mapquestapi.com/staticmap/v4/getmap?key=Fmjtd|luur2g0bnl,25=o5-9at29u&type=map&size=225,160&pois=purple-1,40.7721893770263,-73.8716197013855,0,0|&center=40.7721893770263,-73.8716197013855&zoom=15&rand=-1757148766",11369,N,Buses,s,suggestion,we can bike from the city to the airport,,,,http://pbs.twimg.com/profile_images/514940335282069504/doLXbhGi_bigger.jpeg,1786,Flyguy54,lcz110,,2014-11-05T03:06:48.144776+00:00,http://data.shareabouts.org/api/v2/nycdot/datasets/nycbikeshare/places/276230,user:1786,True
1,Manhattan,2014-11-05T03:04:43.553808+00:00,568,POINT (-73.9589469999999949 40.7715719999999990),276222,US,Country,NY,State,New York County,County,New York City,City,40.77152,-73.958993,False,ADDRESS,L1AAA,40.771572,-73.958947,0,"http://open.mapquestapi.com/staticmap/v4/getmap?key=Fmjtd|luur2g0bnl,25=o5-9at29u&type=map&size=225,160&pois=purple-1,40.77157186825386,-73.95894706249237,0,0|&center=40.77157186825386,-73.95894706249237&zoom=15&rand=-188866277",10021,N,200 East 75th Street,s,suggestion,,1,http://data.shareabouts.org/api/v2/nycdot/datasets/nycbikeshare/places/276222/support,,http://pbs.twimg.com/profile_images/514940335282069504/doLXbhGi_bigger.jpeg,1786,Flyguy54,lcz110,,2014-11-05T03:04:44.306329+00:00,http://data.shareabouts.org/api/v2/nycdot/datasets/nycbikeshare/places/276222,user:1786,True
1,Manhattan,2014-11-05T03:03:48.944525+00:00,568,POINT (-73.9575250000000040 40.7741880000000023),276221,US,Country,NY,State,New York County,County,New York City,City,40.774114,-73.957645,False,ADDRESS,L1AAA,40.774188,-73.957525,0,"http://open.mapquestapi.com/staticmap/v4/getmap?key=Fmjtd|luur2g0bnl,25=o5-9at29u&type=map&size=225,160&pois=purple-1,40.77418811606913,-73.95752549171448,0,0|&center=40.77418811606913,-73.95752549171448&zoom=15&rand=912164126",10075,N,1382 3rd Avenue,s,suggestion,there is alot of space and alot of people in the area would prefer taking the bike then the subway.,,,,http://pbs.twimg.com/profile_images/514940335282069504/doLXbhGi_bigger.jpeg,1786,Flyguy54,lcz110,,2014-11-05T03:03:49.559663+00:00,http://data.shareabouts.org/api/v2/nycdot/datasets/nycbikeshare/places/276221,user:1786,True
1,Manhattan,2014-11-04T20:55:47.542740+00:00,568,POINT (-73.9940569999999980 40.7353639999999970),276086,US,Country,NY,State,New York County,County,New York City,City,40.735499,-73.993484,False,ADDRESS,L1AAA,40.735364,-73.994057,0,"http://open.mapquestapi.com/staticmap/v4/getmap?key=Fmjtd|luur2g0bnl,25=o5-9at29u&type=map&size=225,160&pois=purple-1,40.73536445159963,-73.99405717849731,0,0|&center=40.73536445159963,-73.99405717849731&zoom=15&rand=-369660584",10035,N,65 5th Avenue,s,suggestion,"Please return the station at 13th Street and 5th Avenue! There are hundreds of New School, Cardozo & NYU students in this area and we need more bikes!",,,,,,,,Rick,2014-11-04T20:55:48.254887+00:00,http://data.shareabouts.org/api/v2/nycdot/datasets/nycbikeshare/places/276086,session:ef443060360085b0ed2036c030f9cba2,True
3,Brooklyn,2014-11-04T20:11:48.690688+00:00,568,POINT (-73.9581100000000049 40.6705850000000027),276081,US,Country,NY,State,Kings County,County,New York City,City,40.670312,-73.95825,False,ADDRESS,L1AAA,40.670585,-73.95811,0,"http://open.mapquestapi.com/staticmap/v4/getmap?key=Fmjtd|luur2g0bnl,25=o5-9at29u&type=map&size=225,160&pois=purple-1,40.670584914584076,-73.95811021327972,0,0|&center=40.670584914584076,-73.95811021327972&zoom=15&rand=744068178",11225,N,806 Franklin Avenue,s,suggestion,"Growing neighborhood, major transit hub. would alleviate congestion. ",,,,,,,,Alisa Glembotski,2014-11-04T20:11:49.638596+00:00,http://data.shareabouts.org/api/v2/nycdot/datasets/nycbikeshare/places/276081,session:1b4b3c17d3cde99571b4deff52956ec1,True
